clause_text,clause_status
Party A shall indemnify and hold harmless Party B against all liabilities.,High Risk
This contract shall be governed by the laws of the State of Delaware.,Low Risk
Either party may terminate this agreement with 30 days written notice.,Low Risk
Maximum liability under this agreement is capped at one million dollars.,High Risk
All intellectual property remains the sole property of the creating party.,Low Risk
The contractor agrees to perform the services in a professional manner.,Low Risk
Confidential information shall not be disclosed to any third party.,Low Risk
Any disputes shall be resolved through binding arbitration in New York.,High Risk
The company will provide standard operational support during business hours.,Low Risk
Payment is due within 45 days of invoice receipt.,Low Risk
Party A shall indemnify and hold harmless Party B against all liabilities.,High Risk
This contract shall be governed by the laws of the State of Delaware.,Low Risk
Either party may terminate this agreement with 30 days written notice.,Low Risk
Maximum liability under this agreement is capped at one million dollars.,High Risk
All intellectual property remains the sole property of the creating party.,Low Risk
The contractor agrees to perform the services in a professional manner.,Low Risk
Confidential information shall not be disclosed to any third party.,Low Risk
Any disputes shall be resolved through binding arbitration in New York.,High Risk
The company will provide standard operational support during business hours.,Low Risk
Payment is due within 45 days of invoice receipt.,Low Risk
Party A shall indemnify and hold harmless Party B against all liabilities.,High Risk
This contract shall be governed by the laws of the State of Delaware.,Low Risk
Either party may terminate this agreement with 30 days written notice.,Low Risk
Maximum liability under this agreement is capped at one million dollars.,High Risk
All intellectual property remains the sole property of the creating party.,Low Risk
The contractor agrees to perform the services in a professional manner.,Low Risk
Confidential information shall not be disclosed to any third party.,Low Risk
Any disputes shall be resolved through binding arbitration in New York.,High Risk
The company will provide standard operational support during business hours.,Low Risk
Payment is due within 45 days of invoice receipt.,Low Risk
Party A shall indemnify and hold harmless Party B against all liabilities.,High Risk
This contract shall be governed by the laws of the State of Delaware.,Low Risk
Either party may terminate this agreement with 30 days written notice.,Low Risk
Maximum liability under this agreement is capped at one million dollars.,High Risk
All intellectual property remains the sole property of the creating party.,Low Risk
The contractor agrees to perform the services in a professional manner.,Low Risk
Confidential information shall not be disclosed to any third party.,Low Risk
Any disputes shall be resolved through binding arbitration in New York.,High Risk
The company will provide standard operational support during business hours.,Low Risk
Payment is due within 45 days of invoice receipt.,Low Risk
Party A shall indemnify and hold harmless Party B against all liabilities.,High Risk
This contract shall be governed by the laws of the State of Delaware.,Low Risk
Either party may terminate this agreement with 30 days written notice.,Low Risk
Maximum liability under this agreement is capped at one million dollars.,High Risk
All intellectual property remains the sole property of the creating party.,Low Risk
The contractor agrees to perform the services in a professional manner.,Low Risk
Confidential information shall not be disclosed to any third party.,Low Risk
Any disputes shall be resolved through binding arbitration in New York.,High Risk
The company will provide standard operational support during business hours.,Low Risk
Payment is due within 45 days of invoice receipt.,Low Risk
Party A shall indemnify and hold harmless Party B against all liabilities.,High Risk
This contract shall be governed by the laws of the State of Delaware.,Low Risk
Either party may terminate this agreement with 30 days written notice.,Low Risk
Maximum liability under this agreement is capped at one million dollars.,High Risk
All intellectual property remains the sole property of the creating party.,Low Risk
The contractor agrees to perform the services in a professional manner.,Low Risk
Confidential information shall not be disclosed to any third party.,Low Risk
Any disputes shall be resolved through binding arbitration in New York.,High Risk
The company will provide standard operational support during business hours.,Low Risk
Payment is due within 45 days of invoice receipt.,Low Risk
Party A shall indemnify and hold harmless Party B against all liabilities.,High Risk
This contract shall be governed by the laws of the State of Delaware.,Low Risk
Either party may terminate this agreement with 30 days written notice.,Low Risk
Maximum liability under this agreement is capped at one million dollars.,High Risk
All intellectual property remains the sole property of the creating party.,Low Risk
The contractor agrees to perform the services in a professional manner.,Low Risk
Confidential information shall not be disclosed to any third party.,Low Risk
Any disputes shall be resolved through binding arbitration in New York.,High Risk
The company will provide standard operational support during business hours.,Low Risk
Payment is due within 45 days of invoice receipt.,Low Risk
Party A shall indemnify and hold harmless Party B against all liabilities.,High Risk
This contract shall be governed by the laws of the State of Delaware.,Low Risk
Either party may terminate this agreement with 30 days written notice.,Low Risk
Maximum liability under this agreement is capped at one million dollars.,High Risk
All intellectual property remains the sole property of the creating party.,Low Risk
The contractor agrees to perform the services in a professional manner.,Low Risk
Confidential information shall not be disclosed to any third party.,Low Risk
Any disputes shall be resolved through binding arbitration in New York.,High Risk
The company will provide standard operational support during business hours.,Low Risk
Payment is due within 45 days of invoice receipt.,Low Risk
Party A shall indemnify and hold harmless Party B against all liabilities.,High Risk
This contract shall be governed by the laws of the State of Delaware.,Low Risk
Either party may terminate this agreement with 30 days written notice.,Low Risk
Maximum liability under this agreement is capped at one million dollars.,High Risk
All intellectual property remains the sole property of the creating party.,Low Risk
The contractor agrees to perform the services in a professional manner.,Low Risk
Confidential information shall not be disclosed to any third party.,Low Risk
Any disputes shall be resolved through binding arbitration in New York.,High Risk
The company will provide standard operational support during business hours.,Low Risk
Payment is due within 45 days of invoice receipt.,Low Risk
Party A shall indemnify and hold harmless Party B against all liabilities.,High Risk
This contract shall be governed by the laws of the State of Delaware.,Low Risk
Either party may terminate this agreement with 30 days written notice.,Low Risk
Maximum liability under this agreement is capped at one million dollars.,High Risk
All intellectual property remains the sole property of the creating party.,Low Risk
The contractor agrees to perform the services in a professional manner.,Low Risk
Confidential information shall not be disclosed to any third party.,Low Risk
Any disputes shall be resolved through binding arbitration in New York.,High Risk
The company will provide standard operational support during business hours.,Low Risk
Payment is due within 45 days of invoice receipt.,Low Risk
Party A shall indemnify and hold harmless Party B against all liabilities.,High Risk
This contract shall be governed by the laws of the State of Delaware.,Low Risk
Either party may terminate this agreement with 30 days written notice.,Low Risk
Maximum liability under this agreement is capped at one million dollars.,High Risk
All intellectual property remains the sole property of the creating party.,Low Risk
The contractor agrees to perform the services in a professional manner.,Low Risk
Confidential information shall not be disclosed to any third party.,Low Risk
Any disputes shall be resolved through binding arbitration in New York.,High Risk
The company will provide standard operational support during business hours.,Low Risk
Payment is due within 45 days of invoice receipt.,Low Risk
Party A shall indemnify and hold harmless Party B against all liabilities.,High Risk
This contract shall be governed by the laws of the State of Delaware.,Low Risk
Either party may terminate this agreement with 30 days written notice.,Low Risk
Maximum liability under this agreement is capped at one million dollars.,High Risk
All intellectual property remains the sole property of the creating party.,Low Risk
The contractor agrees to perform the services in a professional manner.,Low Risk
Confidential information shall not be disclosed to any third party.,Low Risk
Any disputes shall be resolved through binding arbitration in New York.,High Risk
The company will provide standard operational support during business hours.,Low Risk
Payment is due within 45 days of invoice receipt.,Low Risk
Party A shall indemnify and hold harmless Party B against all liabilities.,High Risk
This contract shall be governed by the laws of the State of Delaware.,Low Risk
Either party may terminate this agreement with 30 days written notice.,Low Risk
Maximum liability under this agreement is capped at one million dollars.,High Risk
All intellectual property remains the sole property of the creating party.,Low Risk
The contractor agrees to perform the services in a professional manner.,Low Risk
Confidential information shall not be disclosed to any third party.,Low Risk
Any disputes shall be resolved through binding arbitration in New York.,High Risk
The company will provide standard operational support during business hours.,Low Risk
Payment is due within 45 days of invoice receipt.,Low Risk
Party A shall indemnify and hold harmless Party B against all liabilities.,High Risk
This contract shall be governed by the laws of the State of Delaware.,Low Risk
Either party may terminate this agreement with 30 days written notice.,Low Risk
Maximum liability under this agreement is capped at one million dollars.,High Risk
All intellectual property remains the sole property of the creating party.,Low Risk
The contractor agrees to perform the services in a professional manner.,Low Risk
Confidential information shall not be disclosed to any third party.,Low Risk
Any disputes shall be resolved through binding arbitration in New York.,High Risk
The company will provide standard operational support during business hours.,Low Risk
Payment is due within 45 days of invoice receipt.,Low Risk
Party A shall indemnify and hold harmless Party B against all liabilities.,High Risk
This contract shall be governed by the laws of the State of Delaware.,Low Risk
Either party may terminate this agreement with 30 days written notice.,Low Risk
Maximum liability under this agreement is capped at one million dollars.,High Risk
All intellectual property remains the sole property of the creating party.,Low Risk
The contractor agrees to perform the services in a professional manner.,Low Risk
Confidential information shall not be disclosed to any third party.,Low Risk
Any disputes shall be resolved through binding arbitration in New York.,High Risk
The company will provide standard operational support during business hours.,Low Risk
Payment is due within 45 days of invoice receipt.,Low Risk
Party A shall indemnify and hold harmless Party B against all liabilities.,High Risk
This contract shall be governed by the laws of the State of Delaware.,Low Risk
Either party may terminate this agreement with 30 days written notice.,Low Risk
Maximum liability under this agreement is capped at one million dollars.,High Risk
All intellectual property remains the sole property of the creating party.,Low Risk
The contractor agrees to perform the services in a professional manner.,Low Risk
Confidential information shall not be disclosed to any third party.,Low Risk
Any disputes shall be resolved through binding arbitration in New York.,High Risk
The company will provide standard operational support during business hours.,Low Risk
Payment is due within 45 days of invoice receipt.,Low Risk
Party A shall indemnify and hold harmless Party B against all liabilities.,High Risk
This contract shall be governed by the laws of the State of Delaware.,Low Risk
Either party may terminate this agreement with 30 days written notice.,Low Risk
Maximum liability under this agreement is capped at one million dollars.,High Risk
All intellectual property remains the sole property of the creating party.,Low Risk
The contractor agrees to perform the services in a professional manner.,Low Risk
Confidential information shall not be disclosed to any third party.,Low Risk
Any disputes shall be resolved through binding arbitration in New York.,High Risk
The company will provide standard operational support during business hours.,Low Risk
Payment is due within 45 days of invoice receipt.,Low Risk
Party A shall indemnify and hold harmless Party B against all liabilities.,High Risk
This contract shall be governed by the laws of the State of Delaware.,Low Risk
Either party may terminate this agreement with 30 days written notice.,Low Risk
Maximum liability under this agreement is capped at one million dollars.,High Risk
All intellectual property remains the sole property of the creating party.,Low Risk
The contractor agrees to perform the services in a professional manner.,Low Risk
Confidential information shall not be disclosed to any third party.,Low Risk
Any disputes shall be resolved through binding arbitration in New York.,High Risk
The company will provide standard operational support during business hours.,Low Risk
Payment is due within 45 days of invoice receipt.,Low Risk
Party A shall indemnify and hold harmless Party B against all liabilities.,High Risk
This contract shall be governed by the laws of the State of Delaware.,Low Risk
Either party may terminate this agreement with 30 days written notice.,Low Risk
Maximum liability under this agreement is capped at one million dollars.,High Risk
All intellectual property remains the sole property of the creating party.,Low Risk
The contractor agrees to perform the services in a professional manner.,Low Risk
Confidential information shall not be disclosed to any third party.,Low Risk
Any disputes shall be resolved through binding arbitration in New York.,High Risk
The company will provide standard operational support during business hours.,Low Risk
Payment is due within 45 days of invoice receipt.,Low Risk
Party A shall indemnify and hold harmless Party B against all liabilities.,High Risk
This contract shall be governed by the laws of the State of Delaware.,Low Risk
Either party may terminate this agreement with 30 days written notice.,Low Risk
Maximum liability under this agreement is capped at one million dollars.,High Risk
All intellectual property remains the sole property of the creating party.,Low Risk
The contractor agrees to perform the services in a professional manner.,Low Risk
Confidential information shall not be disclosed to any third party.,Low Risk
Any disputes shall be resolved through binding arbitration in New York.,High Risk
The company will provide standard operational support during business hours.,Low Risk
Payment is due within 45 days of invoice receipt.,Low Risk
